"SHOOTER","X","Y","RANGE","DEFENDER","SCORE"
"Seth Curry",-3.8089872646,5.583621033,"""(0, 4)""","Chris Paul","MADE"
"Seth Curry",-0.1042785819,5.9191379991,"""(0, 4)""","Trae Young","MADE"
"Seth Curry",-0.5258639739,8.9122394703,"""(0, 4)""","Trae Young","MADE"
"Seth Curry",-0.7906163067,7.5037819957,"""(0, 4)""","Chris Paul","MADE"
"Seth Curry",2.1190741346,5.3205339414,"""(0, 4)""","Trae Young","MADE"
"Seth Curry",0.7536142849,7.0535536809,"""(0, 4)""","Chris Paul","MADE"
"Seth Curry",-2.5350783377,5.626915972,"""(0, 4)""","Russell Westbrook","MADE"
"Seth Curry",-3.2368627197,6.6196334807,"""(0, 4)""","Chris Paul","MADE"
"Seth Curry",2.0457652115,8.1421816677,"""(0, 4)""","Chris Paul","MADE"
"Seth Curry",2.8216087465,6.4268624992,"""(0, 4)""","Chris Paul","MADE"
"Seth Curry",-3.5653972645,5.8572311794,"""(0, 4)""","Trae Young","MADE"
"Seth Curry",0.271522194,5.3975501768,"""(0, 4)""","Trae Young","MISSED"
"Seth Curry",-2.3730942603,6.1300969936,"""(0, 4)""","Russell Westbrook","MISSED"
"Seth Curry",-1.6396772583,5.7373457978,"""(0, 4)""","Russell Westbrook","MISSED"
"Seth Curry",-2.0995531982,6.5594888722,"""(0, 4)""","Russell Westbrook","MISSED"
"Seth Curry",0.8408279011,8.3303729005,"""(0, 4)""","Russell Westbrook","MISSED"
"Seth Curry",-5.7835693886,8.2165361123,"""(5, 9)""","Trae Young","MADE"
"Seth Curry",1.1219727886,11.9426899611,"""(5, 9)""","Russell Westbrook","MADE"
"Seth Curry",-2.5044678957,12.1404921005,"""(5, 9)""","Trae Young","MADE"
"Seth Curry",2.8879326089,10.6325971515,"""(5, 9)""","Trae Young","MADE"
"Seth Curry",3.1126125659,11.8344228611,"""(5, 9)""","Chris Paul","MADE"
"Seth Curry",6.026322988,8.5369633913,"""(5, 9)""","Trae Young","MADE"
"Seth Curry",-4.587841331,11.7457429101,"""(5, 9)""","Trae Young","MADE"
"Seth Curry",4.9387133083,9.6341000961,"""(5, 9)""","Trae Young","MADE"
"Seth Curry",-4.5297301394,10.4106328484,"""(5, 9)""","Trae Young","MISSED"
"Seth Curry",4.8592809373,9.3975504125,"""(5, 9)""","Chris Paul","MISSED"
"Seth Curry",-7.6734013057,5.516084297,"""(5, 9)""","Russell Westbrook","MISSED"
"Seth Curry",7.0877743792,7.1824587968,"""(5, 9)""","Russell Westbrook","MISSED"
"Seth Curry",-12.2233347832,6.9363947407,"""(10, 14)""","Trae Young","MADE"
"Seth Curry",9.099430561,15.5908045752,"""(10, 14)""","Trae Young","MADE"
"Seth Curry",7.3511068619,14.5697257576,"""(10, 14)""","Trae Young","MADE"
"Seth Curry",12.2034055655,9.2422825868,"""(10, 14)""","Trae Young","MADE"
"Seth Curry",-3.0583529732,17.0251033672,"""(10, 14)""","Trae Young","MADE"
"Seth Curry",-13.6518105178,5.7756122526,"""(10, 14)""","Russell Westbrook","MISSED"
"Seth Curry",3.4263173472,17.3493709834,"""(10, 14)""","Russell Westbrook","MISSED"
"Seth Curry",12.6666165598,5.6788065744,"""(10, 14)""","Russell Westbrook","MISSED"
"Seth Curry",-10.1084846459,11.5163151692,"""(10, 14)""","Russell Westbrook","MISSED"
"Seth Curry",12.0919957428,5.9242985148,"""(10, 14)""","Chris Paul","MISSED"
"Seth Curry",12.1922651028,6.1825293866,"""(10, 14)""","Russell Westbrook","MISSED"
"Seth Curry",-12.5312592329,9.5000860622,"""(10, 14)""","Chris Paul","MISSED"
"Seth Curry",13.2533341323,16.3553723367,"""(15, 19)""","Chris Paul","MADE"
"Seth Curry",17.2736614907,7.6189331949,"""(15, 19)""","Trae Young","MADE"
"Seth Curry",16.7727383314,10.4554308062,"""(15, 19)""","Russell Westbrook","MADE"
"Seth Curry",11.3026583502,16.8199266148,"""(15, 19)""","Chris Paul","MADE"
"Seth Curry",15.7353696699,11.4702997881,"""(15, 19)""","Russell Westbrook","MADE"
"Seth Curry",-5.4585672008,22.1335870236,"""(15, 19)""","Trae Young","MADE"
"Seth Curry",14.3139890653,13.6875871452,"""(15, 19)""","Russell Westbrook","MADE"
"Seth Curry",-2.9467634017,23.0332152775,"""(15, 19)""","Trae Young","MADE"
"Seth Curry",-2.0956491628,22.9320198953,"""(15, 19)""","Trae Young","MADE"
"Seth Curry",5.629904584,22.7206447711,"""(15, 19)""","Trae Young","MADE"
"Seth Curry",-16.0883111332,9.9120279214,"""(15, 19)""","Trae Young","MADE"
"Seth Curry",-13.5878248941,14.0812711983,"""(15, 19)""","Trae Young","MADE"
"Seth Curry",-15.1237517193,11.6731922142,"""(15, 19)""","Russell Westbrook","MADE"
"Seth Curry",4.9841609257,21.7844973007,"""(15, 19)""","Russell Westbrook","MISSED"
"Seth Curry",5.3869254794,22.122142681,"""(15, 19)""","Russell Westbrook","MISSED"
"Seth Curry",14.6385626926,11.5868232679,"""(15, 19)""","Trae Young","MISSED"
"Seth Curry",5.3144927207,21.5191793837,"""(15, 19)""","Trae Young","MISSED"
"Seth Curry",-14.4748272237,12.723421567,"""(15, 19)""","Russell Westbrook","MISSED"
"Seth Curry",-21.1627386707,13.6819958933,"""(20, 24)""","Trae Young","MADE"
"Seth Curry",-21.3373212532,9.6926157536,"""(20, 24)""","Trae Young","MADE"
"Seth Curry",-11.8320068194,22.080053436,"""(20, 24)""","Chris Paul","MADE"
"Seth Curry",-15.6417482485,20.9646400086,"""(20, 24)""","Chris Paul","MADE"
"Seth Curry",0.1728643098,26.8368508777,"""(20, 24)""","Trae Young","MADE"
"Seth Curry",21.9998344444,11.6652236116,"""(20, 24)""","Trae Young","MADE"
"Seth Curry",11.4834316517,23.1563154751,"""(20, 24)""","Trae Young","MADE"
"Seth Curry",-20.738588149,6.3967967791,"""(20, 24)""","Chris Paul","MADE"
"Seth Curry",-20.2422066744,13.5144600757,"""(20, 24)""","Russell Westbrook","MADE"
"Seth Curry",13.7465739055,24.4640080886,"""(20, 24)""","Chris Paul","MADE"
"Seth Curry",15.3593959293,22.9583017052,"""(20, 24)""","Trae Young","MADE"
"Seth Curry",-0.8784654594,28.5069696994,"""(20, 24)""","Trae Young","MADE"
"Seth Curry",-22.0182437756,12.3705244742,"""(20, 24)""","Trae Young","MADE"
"Seth Curry",14.2963877491,23.4429867791,"""(20, 24)""","Trae Young","MADE"
"Seth Curry",5.6754760221,27.277406821,"""(20, 24)""","Trae Young","MADE"
"Seth Curry",-13.3290361486,22.0622189934,"""(20, 24)""","Trae Young","MADE"
"Seth Curry",-19.8257874137,13.9063446538,"""(20, 24)""","Chris Paul","MADE"
"Seth Curry",-9.0022945249,24.1641923943,"""(20, 24)""","Chris Paul","MADE"
"Seth Curry",-13.078475726,20.5779720347,"""(20, 24)""","Chris Paul","MADE"
"Seth Curry",20.0362326167,15.1067835713,"""(20, 24)""","Trae Young","MADE"
"Seth Curry",3.0381148312,27.5796813746,"""(20, 24)""","Russell Westbrook","MISSED"
"Seth Curry",-8.2541630455,24.582278951,"""(20, 24)""","Russell Westbrook","MISSED"
"Seth Curry",17.1625470001,21.3423165191,"""(20, 24)""","Chris Paul","MISSED"
"Seth Curry",-17.6249776294,20.9509200534,"""(20, 24)""","Russell Westbrook","MISSED"
"Seth Curry",19.8928287215,13.4636748643,"""(20, 24)""","Chris Paul","MISSED"
"Seth Curry",1.5119342113,28.1053472318,"""(20, 24)""","Russell Westbrook","MISSED"
"Seth Curry",-10.797996905,23.1438329364,"""(20, 24)""","Chris Paul","MISSED"
"Seth Curry",-11.6307274048,21.9521193985,"""(20, 24)""","Russell Westbrook","MISSED"
"Seth Curry",17.1974276986,20.4595584764,"""(20, 24)""","Russell Westbrook","MISSED"
"Seth Curry",17.7230582678,15.5803566291,"""(20, 24)""","Chris Paul","MISSED"
"Seth Curry",-13.8500670618,29.5998316852,"""(25, 29)""","Chris Paul","MADE"
"Seth Curry",-5.5444219237,31.6354458829,"""(25, 29)""","Chris Paul","MADE"
"Seth Curry",14.3327408566,27.1157099805,"""(25, 29)""","Russell Westbrook","MADE"
"Seth Curry",-24.2320519623,5.8291528529,"""(25, 29)""","Russell Westbrook","MADE"
"Seth Curry",23.6315697912,19.8198885479,"""(25, 29)""","Trae Young","MADE"
"Seth Curry",21.735183323,23.0453075363,"""(25, 29)""","Russell Westbrook","MADE"
"Seth Curry",23.1038782028,19.0685243447,"""(25, 29)""","Trae Young","MADE"
"Seth Curry",23.2587397059,18.2484226823,"""(25, 29)""","Chris Paul","MADE"
"Seth Curry",-24.2320519623,15.2095131382,"""(25, 29)""","Trae Young","MADE"
"Seth Curry",23.952741768,10.0405893304,"""(25, 29)""","Chris Paul","MADE"
"Seth Curry",23.7183453125,15.8197130259,"""(25, 29)""","Chris Paul","MADE"
"Seth Curry",-0.8565501786,33.8539132503,"""(25, 29)""","Trae Young","MADE"
"Seth Curry",-10.5656949669,29.9319699784,"""(25, 29)""","Trae Young","MADE"
"Seth Curry",23.952741768,10.814009942,"""(25, 29)""","Trae Young","MADE"
"Seth Curry",-0.5258956576,32.0298520755,"""(25, 29)""","Trae Young","MADE"
"Seth Curry",-17.1730285888,26.2864852922,"""(25, 29)""","Chris Paul","MADE"
"Seth Curry",23.952741768,11.105474412,"""(25, 29)""","Trae Young","MADE"
"Seth Curry",-24.2320519623,7.488300744,"""(25, 29)""","Chris Paul","MADE"
"Seth Curry",13.3525639418,28.6197537289,"""(25, 29)""","Chris Paul","MADE"
"Seth Curry",23.952741768,8.0066728378,"""(25, 29)""","Trae Young","MADE"
"Seth Curry",-24.2320519623,10.6484300153,"""(25, 29)""","Trae Young","MADE"
"Seth Curry",-24.2320519623,10.7758129124,"""(25, 29)""","Chris Paul","MADE"
"Seth Curry",23.952741768,12.04701287,"""(25, 29)""","Trae Young","MADE"
"Seth Curry",-9.0825935396,29.5085646855,"""(25, 29)""","Russell Westbrook","MADE"
"Seth Curry",22.3544204975,16.4321220977,"""(25, 29)""","Russell Westbrook","MADE"
"Seth Curry",15.7642576653,25.4320707094,"""(25, 29)""","Trae Young","MADE"
"Seth Curry",21.0319782,22.6012313158,"""(25, 29)""","Chris Paul","MADE"
"Seth Curry",23.952741768,16.5840499631,"""(25, 29)""","Trae Young","MADE"
"Seth Curry",-15.5125765087,25.6978615397,"""(25, 29)""","Chris Paul","MISSED"
"Seth Curry",-0.926723043,33.0737458461,"""(25, 29)""","Russell Westbrook","MISSED"
"Seth Curry",21.1322968082,24.5542751154,"""(25, 29)""","Russell Westbrook","MISSED"
"Seth Curry",-1.4827013726,33.3799030122,"""(25, 29)""","Russell Westbrook","MISSED"
"Seth Curry",-18.2122832578,27.0925876102,"""(25, 29)""","Russell Westbrook","MISSED"
"Seth Curry",-20.4198084062,24.3717694908,"""(25, 29)""","Chris Paul","MISSED"
"Seth Curry",9.8637441189,31.9465983404,"""(25, 29)""","Russell Westbrook","MISSED"
"Seth Curry",-5.6250022189,30.5623737633,"""(25, 29)""","Russell Westbrook","MISSED"
"Seth Curry",22.2779302339,21.3552519817,"""(25, 29)""","Russell Westbrook","MISSED"
"Seth Curry",-22.7658551678,19.8975061482,"""(25, 29)""","Russell Westbrook","MISSED"
"Seth Curry",21.1701929081,21.9040064562,"""(25, 29)""","Trae Young","MISSED"
"Seth Curry",9.428626792,31.4100875122,"""(25, 29)""","Russell Westbrook","MISSED"
"Seth Curry",-3.5637027478,33.0982890277,"""(25, 29)""","Trae Young","MISSED"
"Seth Curry",21.8141177645,22.8625485722,"""(25, 29)""","Russell Westbrook","MISSED"
"Seth Curry",-24.2320519623,9.8842165261,"""(25, 29)""","Russell Westbrook","MISSED"
"Seth Curry",-15.248232498,26.9935519604,"""(25, 29)""","Chris Paul","MISSED"
"Seth Curry",-24.2320519623,10.5843936138,"""(25, 29)""","Chris Paul","MISSED"
"Seth Curry",-16.9288159125,27.8484439602,"""(25, 29)""","Chris Paul","MISSED"
"Seth Curry",23.952741768,18.7651819389,"""(25, 29)""","Russell Westbrook","MISSED"
"Seth Curry",4.0768803481,33.6699751319,"""(25, 29)""","Russell Westbrook","MISSED"
"Seth Curry",1.1360745187,33.4065945724,"""(25, 29)""","Trae Young","MISSED"
"Seth Curry",-5.3528028157,31.7361989684,"""(25, 29)""","Chris Paul","MISSED"
"Seth Curry",-22.9340530938,19.7642295414,"""(25, 29)""","Chris Paul","MISSED"
"Seth Curry",-13.2999502182,29.318795531,"""(25, 29)""","Chris Paul","MISSED"
"Seth Curry",22.1458698538,23.492607553,"""(25, 29)""","Russell Westbrook","MISSED"
"Seth Curry",8.6074046207,32.4520393275,"""(25, 29)""","Chris Paul","MISSED"
"Seth Curry",-24.5156169654,18.2512102413,"""(25, 29)""","Russell Westbrook","MISSED"
"Seth Curry",-24.2320519623,6.2761734081,"""(25, 29)""","Chris Paul","MISSED"
"Seth Curry",10.6053816564,31.3283114884,"""(25, 29)""","Chris Paul","MISSED"
"Seth Curry",19.5634381877,26.3425946858,"""(25, 29)""","Russell Westbrook","MISSED"
"Seth Curry",-23.4137647772,16.6920719853,"""(25, 29)""","Chris Paul","MISSED"
"Chris Paul",-1.2950785683,5.741176003,"""(0, 4)""","Seth Curry","MADE"
"Chris Paul",2.0888717941,6.4542426468,"""(0, 4)""","Seth Curry","MADE"
"Chris Paul",2.1494370003,8.138149332,"""(0, 4)""","Trae Young","MADE"
"Chris Paul",1.5238362869,8.1541982465,"""(0, 4)""","Trae Young","MADE"
"Chris Paul",-2.7211356223,5.0089106866,"""(0, 4)""","Seth Curry","MADE"
"Chris Paul",-3.6144517487,6.3159264522,"""(0, 4)""","Seth Curry","MADE"
"Chris Paul",1.2291365386,6.05409204,"""(0, 4)""","Trae Young","MADE"
"Chris Paul",-1.3411534118,5.8196141333,"""(0, 4)""","Seth Curry","MADE"
"Chris Paul",-0.4335289557,7.1111009445,"""(0, 4)""","Seth Curry","MADE"
"Chris Paul",-2.4860573715,7.1837753648,"""(0, 4)""","Russell Westbrook","MADE"
"Chris Paul",0.7156280098,6.3804437906,"""(0, 4)""","Trae Young","MADE"
"Chris Paul",-0.0277174728,5.0519721786,"""(0, 4)""","Trae Young","MADE"
"Chris Paul",1.6283943309,5.922509634,"""(0, 4)""","Russell Westbrook","MISSED"
"Chris Paul",-0.7635698445,6.3585472131,"""(0, 4)""","Trae Young","MISSED"
"Chris Paul",-0.0938503854,5.8795179315,"""(0, 4)""","Russell Westbrook","MISSED"
"Chris Paul",2.7049401159,6.9231596678,"""(0, 4)""","Russell Westbrook","MISSED"
"Chris Paul",-1.5408969199,13.0565690248,"""(5, 9)""","Seth Curry","MADE"
"Chris Paul",5.465279125,9.5716304126,"""(5, 9)""","Russell Westbrook","MADE"
"Chris Paul",-2.718660181,13.0963143025,"""(5, 9)""","Trae Young","MADE"
"Chris Paul",-7.4645171568,6.7189789769,"""(5, 9)""","Trae Young","MADE"
"Chris Paul",8.4081941655,7.1374801055,"""(5, 9)""","Trae Young","MADE"
"Chris Paul",-5.4270774274,9.1383276917,"""(5, 9)""","Trae Young","MADE"
"Chris Paul",-0.8895545948,12.0618171021,"""(5, 9)""","Trae Young","MADE"
"Chris Paul",2.1733609555,9.862637982,"""(5, 9)""","Trae Young","MADE"
"Chris Paul",7.5367433924,8.8230873513,"""(5, 9)""","Seth Curry","MADE"
"Chris Paul",-7.1224363598,9.0259224587,"""(5, 9)""","Trae Young","MADE"
"Chris Paul",5.4789698192,11.1454580476,"""(5, 9)""","Seth Curry","MADE"
"Chris Paul",-3.1459024358,12.7453419431,"""(5, 9)""","Russell Westbrook","MADE"
"Chris Paul",4.6736567954,11.5295419205,"""(5, 9)""","Seth Curry","MADE"
"Chris Paul",-2.6608661467,12.1933152663,"""(5, 9)""","Trae Young","MISSED"
"Chris Paul",2.9095574493,12.9976305022,"""(5, 9)""","Russell Westbrook","MISSED"
"Chris Paul",1.0832514738,11.3704787207,"""(5, 9)""","Seth Curry","MISSED"
"Chris Paul",-3.6463697898,11.576713504,"""(5, 9)""","Russell Westbrook","MISSED"
"Chris Paul",-4.8748687104,9.4405778254,"""(5, 9)""","Seth Curry","MISSED"
"Chris Paul",-8.2182999069,6.8470826251,"""(5, 9)""","Trae Young","MISSED"
"Chris Paul",-8.2714368815,6.989700002,"""(5, 9)""","Seth Curry","MISSED"
"Chris Paul",3.944932111,12.1720131478,"""(5, 9)""","Trae Young","MISSED"
"Chris Paul",8.8764025375,6.2631568252,"""(5, 9)""","Seth Curry","MISSED"
"Chris Paul",11.6734032384,8.8241600687,"""(10, 14)""","Trae Young","MADE"
"Chris Paul",11.6769812668,9.5200770841,"""(10, 14)""","Seth Curry","MADE"
"Chris Paul",6.5033161982,17.1741133528,"""(10, 14)""","Seth Curry","MADE"
"Chris Paul",-10.2729027138,9.4851949693,"""(10, 14)""","Trae Young","MADE"
"Chris Paul",-11.4744443411,10.855752396,"""(10, 14)""","Trae Young","MADE"
"Chris Paul",5.0414948042,14.7757515732,"""(10, 14)""","Trae Young","MADE"
"Chris Paul",-5.6361573166,17.0796950924,"""(10, 14)""","Russell Westbrook","MADE"
"Chris Paul",5.3175866357,16.6481350181,"""(10, 14)""","Trae Young","MADE"
"Chris Paul",11.7871163652,5.6155375155,"""(10, 14)""","Russell Westbrook","MADE"
"Chris Paul",2.1566456669,16.481403992,"""(10, 14)""","Trae Young","MADE"
"Chris Paul",12.1671008201,7.0843470606,"""(10, 14)""","Trae Young","MADE"
"Chris Paul",11.5272436472,8.0783599435,"""(10, 14)""","Seth Curry","MADE"
"Chris Paul",-6.1316981569,14.4385775243,"""(10, 14)""","Trae Young","MADE"
"Chris Paul",10.9641247648,13.3632602482,"""(10, 14)""","Seth Curry","MADE"
"Chris Paul",3.7305608082,15.3093145213,"""(10, 14)""","Trae Young","MADE"
"Chris Paul",7.5879507315,16.6086250513,"""(10, 14)""","Seth Curry","MADE"
"Chris Paul",8.8050246539,13.3945523908,"""(10, 14)""","Trae Young","MADE"
"Chris Paul",-0.4630720446,17.9985561001,"""(10, 14)""","Trae Young","MADE"
"Chris Paul",8.7320864104,11.3315687287,"""(10, 14)""","Seth Curry","MADE"
"Chris Paul",-3.0338001449,18.2807804896,"""(10, 14)""","Trae Young","MADE"
"Chris Paul",-2.8875178881,17.7679184536,"""(10, 14)""","Trae Young","MADE"
"Chris Paul",-0.7026059847,18.9212940509,"""(10, 14)""","Seth Curry","MADE"
"Chris Paul",10.7668256461,13.2001295282,"""(10, 14)""","Russell Westbrook","MADE"
"Chris Paul",5.7703971676,16.1448034546,"""(10, 14)""","Russell Westbrook","MADE"
"Chris Paul",-4.6800998248,16.1698188566,"""(10, 14)""","Seth Curry","MADE"
"Chris Paul",-5.3612087756,17.001170621,"""(10, 14)""","Seth Curry","MADE"
"Chris Paul",-5.9938240228,17.2755780258,"""(10, 14)""","Trae Young","MADE"
"Chris Paul",-7.2587070836,12.2439850541,"""(10, 14)""","Trae Young","MADE"
"Chris Paul",11.713989381,9.186987547,"""(10, 14)""","Seth Curry","MISSED"
"Chris Paul",-12.4230640259,8.5423715169,"""(10, 14)""","Russell Westbrook","MISSED"
"Chris Paul",2.3627691297,18.7686391115,"""(10, 14)""","Russell Westbrook","MISSED"
"Chris Paul",-0.1888807975,16.9600708115,"""(10, 14)""","Trae Young","MISSED"
"Chris Paul",-4.6857228705,17.160721929,"""(10, 14)""","Russell Westbrook","MISSED"
"Chris Paul",-1.8631588259,18.2893663262,"""(10, 14)""","Trae Young","MISSED"
"Chris Paul",3.1309651586,17.2006254619,"""(10, 14)""","Seth Curry","MISSED"
"Chris Paul",-9.0448560409,10.2925005071,"""(10, 14)""","Seth Curry","MISSED"
"Chris Paul",5.3811458833,15.6926695209,"""(10, 14)""","Seth Curry","MISSED"
"Chris Paul",-10.1903613773,9.7782090573,"""(10, 14)""","Russell Westbrook","MISSED"
"Chris Paul",10.8265391829,11.267800584,"""(10, 14)""","Seth Curry","MISSED"
"Chris Paul",-7.9706068057,14.5372826077,"""(10, 14)""","Trae Young","MISSED"
"Chris Paul",-9.6220148873,13.9009938178,"""(10, 14)""","Russell Westbrook","MISSED"
"Chris Paul",10.8244647465,13.1919463959,"""(10, 14)""","Seth Curry","MISSED"
"Chris Paul",0.0175531736,18.9659521013,"""(10, 14)""","Russell Westbrook","MISSED"
"Chris Paul",-1.9971111403,18.2221491941,"""(10, 14)""","Seth Curry","MISSED"
"Chris Paul",-11.5122482016,6.5391993172,"""(10, 14)""","Russell Westbrook","MISSED"
"Chris Paul",-6.6202590793,15.2061137544,"""(10, 14)""","Russell Westbrook","MISSED"
"Chris Paul",-13.3386729693,8.9430443058,"""(10, 14)""","Trae Young","MISSED"
"Chris Paul",12.1578492312,8.1304533231,"""(10, 14)""","Trae Young","MISSED"
"Chris Paul",-10.8187193317,8.4992903924,"""(10, 14)""","Russell Westbrook","MISSED"
"Chris Paul",7.4554764186,16.7239517074,"""(10, 14)""","Russell Westbrook","MISSED"
"Chris Paul",-6.9370143247,14.7830399814,"""(10, 14)""","Seth Curry","MISSED"
"Chris Paul",1.0879104354,17.6682972461,"""(10, 14)""","Trae Young","MISSED"
"Chris Paul",1.624684324,18.6446985559,"""(10, 14)""","Seth Curry","MISSED"
"Chris Paul",11.82136261,5.6820960628,"""(10, 14)""","Seth Curry","MISSED"
"Chris Paul",7.7579455786,14.3644667239,"""(10, 14)""","Trae Young","MISSED"
"Chris Paul",-12.7773504891,9.1426404476,"""(10, 14)""","Trae Young","MISSED"
"Chris Paul",-3.0177540877,17.013075344,"""(10, 14)""","Russell Westbrook","MISSED"
"Chris Paul",-11.2449904351,5.4758876686,"""(10, 14)""","Seth Curry","MISSED"
"Chris Paul",10.4326722002,12.4107440496,"""(10, 14)""","Seth Curry","MISSED"
"Chris Paul",3.3303318762,17.9336201642,"""(10, 14)""","Russell Westbrook","MISSED"
"Chris Paul",-12.3315365718,9.3116354316,"""(10, 14)""","Russell Westbrook","MISSED"
"Chris Paul",-1.7073590037,23.4421763465,"""(15, 19)""","Trae Young","MADE"
"Chris Paul",-16.1514786505,9.9211487383,"""(15, 19)""","Seth Curry","MADE"
"Chris Paul",-15.8752386285,14.4885934543,"""(15, 19)""","Trae Young","MADE"
"Chris Paul",-4.2900769514,23.416030728,"""(15, 19)""","Trae Young","MADE"
"Chris Paul",-8.5683653785,19.5071246893,"""(15, 19)""","Trae Young","MADE"
"Chris Paul",2.3009949003,23.1906994122,"""(15, 19)""","Seth Curry","MADE"
"Chris Paul",-8.1615354869,21.0950186726,"""(15, 19)""","Trae Young","MADE"
"Chris Paul",4.4507445877,22.1517183971,"""(15, 19)""","Russell Westbrook","MADE"
"Chris Paul",10.6840954857,18.8446083599,"""(15, 19)""","Seth Curry","MADE"
"Chris Paul",16.6661166634,13.555850963,"""(15, 19)""","Seth Curry","MADE"
"Chris Paul",-17.4464054189,5.2449701454,"""(15, 19)""","Trae Young","MADE"
"Chris Paul",-12.3843438438,16.9709683021,"""(15, 19)""","Russell Westbrook","MADE"
"Chris Paul",-9.7137064006,18.2434272916,"""(15, 19)""","Trae Young","MADE"
"Chris Paul",4.2686430396,22.3701189213,"""(15, 19)""","Seth Curry","MADE"
"Chris Paul",6.9466920342,21.7738638188,"""(15, 19)""","Russell Westbrook","MADE"
"Chris Paul",14.8660460858,14.8273491786,"""(15, 19)""","Trae Young","MADE"
"Chris Paul",13.2289672135,15.4331616827,"""(15, 19)""","Seth Curry","MADE"
"Chris Paul",-8.2605645944,19.5582179748,"""(15, 19)""","Russell Westbrook","MADE"
"Chris Paul",15.7737852005,10.5979877965,"""(15, 19)""","Trae Young","MADE"
"Chris Paul",-10.8979366014,18.9748078299,"""(15, 19)""","Trae Young","MADE"
"Chris Paul",-3.8067816846,20.6443224791,"""(15, 19)""","Trae Young","MADE"
"Chris Paul",-16.2426734843,13.7238352708,"""(15, 19)""","Russell Westbrook","MADE"
"Chris Paul",14.8805496017,14.2996567202,"""(15, 19)""","Trae Young","MADE"
"Chris Paul",11.454105347,19.3111020402,"""(15, 19)""","Trae Young","MADE"
"Chris Paul",-15.7299808163,7.4328119977,"""(15, 19)""","Seth Curry","MADE"
"Chris Paul",-16.4339283342,11.9408742744,"""(15, 19)""","Trae Young","MADE"
"Chris Paul",16.372535906,12.7043003419,"""(15, 19)""","Trae Young","MADE"
"Chris Paul",10.1362462447,19.7943524377,"""(15, 19)""","Seth Curry","MADE"
"Chris Paul",17.7575646723,5.026200258,"""(15, 19)""","Seth Curry","MADE"
"Chris Paul",18.7293673896,6.3676113387,"""(15, 19)""","Seth Curry","MADE"
"Chris Paul",-5.7810468854,20.7974141104,"""(15, 19)""","Seth Curry","MISSED"
"Chris Paul",8.3835311546,20.5374814236,"""(15, 19)""","Russell Westbrook","MISSED"
"Chris Paul",3.5718845525,23.0230935511,"""(15, 19)""","Russell Westbrook","MISSED"
"Chris Paul",-3.0192219517,23.5770322493,"""(15, 19)""","Seth Curry","MISSED"
"Chris Paul",10.2089211102,20.2300945763,"""(15, 19)""","Russell Westbrook","MISSED"
"Chris Paul",-14.8506542152,11.4985673811,"""(15, 19)""","Russell Westbrook","MISSED"
"Chris Paul",0.7818053823,22.5954052982,"""(15, 19)""","Trae Young","MISSED"
"Chris Paul",-17.6076095084,6.3093200982,"""(15, 19)""","Russell Westbrook","MISSED"
"Chris Paul",8.4474543232,19.9478841346,"""(15, 19)""","Russell Westbrook","MISSED"
"Chris Paul",-10.8553415832,19.3259459759,"""(15, 19)""","Russell Westbrook","MISSED"
"Chris Paul",16.5779289557,11.6011799815,"""(15, 19)""","Russell Westbrook","MISSED"
"Chris Paul",-9.2437977622,20.8107218479,"""(15, 19)""","Trae Young","MISSED"
"Chris Paul",18.8915220987,5.9276695513,"""(15, 19)""","Seth Curry","MISSED"
"Chris Paul",-3.1567503767,21.1324828619,"""(15, 19)""","Russell Westbrook","MISSED"
"Chris Paul",16.6169069165,14.1382465205,"""(15, 19)""","Russell Westbrook","MISSED"
"Chris Paul",0.2374008196,23.2940102237,"""(15, 19)""","Russell Westbrook","MISSED"
"Chris Paul",-14.4980730547,15.1584351687,"""(15, 19)""","Seth Curry","MISSED"
"Chris Paul",16.21488293,14.7399405212,"""(15, 19)""","Russell Westbrook","MISSED"
"Chris Paul",-3.0237139702,21.6315003662,"""(15, 19)""","Russell Westbrook","MISSED"
"Chris Paul",-5.2423647438,22.909391827,"""(15, 19)""","Russell Westbrook","MISSED"
"Chris Paul",18.6494552603,5.0516185632,"""(15, 19)""","Russell Westbrook","MISSED"
"Chris Paul",17.3487433864,8.8949940353,"""(15, 19)""","Trae Young","MISSED"
"Chris Paul",12.9370122197,18.1638739635,"""(15, 19)""","Russell Westbrook","MISSED"
"Chris Paul",18.0168505201,7.8787446698,"""(15, 19)""","Trae Young","MISSED"
"Chris Paul",-13.3066981001,16.9340210892,"""(15, 19)""","Trae Young","MISSED"
"Chris Paul",15.6445423482,13.2145876536,"""(15, 19)""","Russell Westbrook","MISSED"
"Chris Paul",-1.1200384153,23.8092280151,"""(15, 19)""","Russell Westbrook","MISSED"
"Chris Paul",-2.1561539196,21.5720196344,"""(15, 19)""","Russell Westbrook","MISSED"
"Chris Paul",-6.6387514153,20.5444744732,"""(15, 19)""","Trae Young","MISSED"
"Chris Paul",-17.2411796027,11.0776702312,"""(15, 19)""","Russell Westbrook","MISSED"
"Chris Paul",-18.0877773597,6.0654440728,"""(15, 19)""","Seth Curry","MISSED"
"Chris Paul",-15.2949311244,12.9953428857,"""(15, 19)""","Russell Westbrook","MISSED"
"Chris Paul",-1.4657942261,23.4009623625,"""(15, 19)""","Russell Westbrook","MISSED"
"Chris Paul",4.1536290052,23.1369416926,"""(15, 19)""","Russell Westbrook","MISSED"
"Chris Paul",-15.5992166619,14.4186737485,"""(15, 19)""","Russell Westbrook","MISSED"
"Chris Paul",-15.1692627554,13.4174868188,"""(15, 19)""","Seth Curry","MISSED"
"Chris Paul",-16.8875974323,9.5941668627,"""(15, 19)""","Russell Westbrook","MISSED"
"Chris Paul",9.3509636217,25.1711784276,"""(20, 24)""","Russell Westbrook","MADE"
"Chris Paul",-11.4785658575,23.7649836674,"""(20, 24)""","Trae Young","MADE"
"Chris Paul",18.607052785,19.7434714542,"""(20, 24)""","Seth Curry","MADE"
"Chris Paul",2.8772573659,28.4787800809,"""(20, 24)""","Seth Curry","MADE"
"Chris Paul",16.3985260674,22.0076487141,"""(20, 24)""","Seth Curry","MADE"
"Chris Paul",6.7214464026,27.0851735364,"""(20, 24)""","Seth Curry","MADE"
"Chris Paul",-0.2929461525,28.363135535,"""(20, 24)""","Russell Westbrook","MISSED"
"Chris Paul",-23.7413188372,7.0405650514,"""(20, 24)""","Russell Westbrook","MISSED"
"Chris Paul",16.4900908385,22.2097395859,"""(20, 24)""","Trae Young","MISSED"
"Chris Paul",22.6927177876,7.4681148674,"""(20, 24)""","Seth Curry","MISSED"
"Chris Paul",7.3960967132,26.2361401631,"""(20, 24)""","Seth Curry","MISSED"
"Chris Paul",19.2119261571,18.9860261778,"""(20, 24)""","Russell Westbrook","MISSED"
"Chris Paul",-3.4255759216,28.7304848986,"""(20, 24)""","Russell Westbrook","MISSED"
"Chris Paul",12.7976246413,23.289511456,"""(20, 24)""","Seth Curry","MISSED"
"Chris Paul",-22.8186919877,7.5806480471,"""(20, 24)""","Russell Westbrook","MISSED"
"Chris Paul",-19.2210582875,17.2034486373,"""(20, 24)""","Seth Curry","MISSED"
"Chris Paul",-24.2320519623,19.0665400094,"""(25, 29)""","Trae Young","MADE"
"Chris Paul",-5.5471816499,29.9145093447,"""(25, 29)""","Seth Curry","MADE"
"Chris Paul",9.7554363107,29.0852794225,"""(25, 29)""","Trae Young","MADE"
"Chris Paul",-7.9003066046,31.8325653072,"""(25, 29)""","Trae Young","MADE"
"Chris Paul",-24.2320519623,10.0765459941,"""(25, 29)""","Trae Young","MADE"
"Chris Paul",4.8843479779,32.1012661365,"""(25, 29)""","Russell Westbrook","MADE"
"Chris Paul",-9.1081859771,30.8831756118,"""(25, 29)""","Seth Curry","MADE"
"Chris Paul",3.2127306942,33.6917071322,"""(25, 29)""","Russell Westbrook","MADE"
"Chris Paul",-12.8086456103,29.71351037,"""(25, 29)""","Russell Westbrook","MADE"
"Chris Paul",-2.8009666492,30.9435203351,"""(25, 29)""","Seth Curry","MADE"
"Chris Paul",-13.7571455295,27.9081720464,"""(25, 29)""","Trae Young","MADE"
"Chris Paul",20.5737354939,23.3058221723,"""(25, 29)""","Trae Young","MADE"
"Chris Paul",21.4877998855,20.0441714603,"""(25, 29)""","Russell Westbrook","MADE"
"Chris Paul",23.952741768,8.1113331912,"""(25, 29)""","Seth Curry","MADE"
"Chris Paul",23.952741768,17.1046921474,"""(25, 29)""","Seth Curry","MADE"
"Chris Paul",14.5250547836,28.9134049384,"""(25, 29)""","Trae Young","MADE"
"Chris Paul",20.3379372178,22.9209955389,"""(25, 29)""","Russell Westbrook","MISSED"
"Chris Paul",-0.5514954344,33.3870380234,"""(25, 29)""","Russell Westbrook","MISSED"
"Chris Paul",23.952741768,16.3936449823,"""(25, 29)""","Russell Westbrook","MISSED"
"Chris Paul",24.7315228539,15.6026800735,"""(25, 29)""","Seth Curry","MISSED"
"Chris Paul",11.0813549862,30.3806044282,"""(25, 29)""","Russell Westbrook","MISSED"
"Chris Paul",-23.6785297941,21.4711016749,"""(25, 29)""","Russell Westbrook","MISSED"
"Chris Paul",-24.2320519623,8.5050578694,"""(25, 29)""","Russell Westbrook","MISSED"
"Chris Paul",12.0072060215,30.6926710367,"""(25, 29)""","Seth Curry","MISSED"
"Chris Paul",-24.2320519623,12.2305390816,"""(25, 29)""","Trae Young","MISSED"
"Chris Paul",-15.4663703334,29.2598046511,"""(25, 29)""","Trae Young","MISSED"
"Chris Paul",16.4198323573,28.7866758136,"""(25, 29)""","Seth Curry","MISSED"
"Chris Paul",-11.4380002584,29.5565675049,"""(25, 29)""","Russell Westbrook","MISSED"
"Chris Paul",-16.4525848506,26.5366438467,"""(25, 29)""","Russell Westbrook","MISSED"
"Chris Paul",-22.3528122295,20.5105494599,"""(25, 29)""","Russell Westbrook","MISSED"
"Chris Paul",22.554915975,18.3193736388,"""(25, 29)""","Russell Westbrook","MISSED"
"Chris Paul",-24.2320519623,7.0098413905,"""(25, 29)""","Seth Curry","MISSED"
"Chris Paul",6.8381315607,32.6022994771,"""(25, 29)""","Seth Curry","MISSED"
"Chris Paul",-8.0719234889,30.3924332905,"""(25, 29)""","Russell Westbrook","MISSED"
"Russell Westbrook",-0.2992195442,5.2207147283,"""(0, 4)""","Trae Young","MADE"
"Russell Westbrook",1.7641991964,7.5784415368,"""(0, 4)""","Trae Young","MADE"
"Russell Westbrook",3.2818520611,5.1852019903,"""(0, 4)""","Trae Young","MADE"
"Russell Westbrook",-0.3582117105,6.1887787758,"""(0, 4)""","Chris Paul","MADE"
"Russell Westbrook",2.5192668529,7.8248124376,"""(0, 4)""","Trae Young","MADE"
"Russell Westbrook",-0.1166648787,8.3399185672,"""(0, 4)""","Trae Young","MADE"
"Russell Westbrook",-2.2250783306,7.4060074935,"""(0, 4)""","Trae Young","MADE"
"Russell Westbrook",-1.1985979251,6.8240810951,"""(0, 4)""","Trae Young","MADE"
"Russell Westbrook",-0.3816613474,8.9550959848,"""(0, 4)""","Chris Paul","MADE"
"Russell Westbrook",-0.8660362519,7.0293862128,"""(0, 4)""","Chris Paul","MADE"
"Russell Westbrook",2.726161121,6.4726226733,"""(0, 4)""","Chris Paul","MISSED"
"Russell Westbrook",1.531211025,5.2090120288,"""(0, 4)""","Trae Young","MISSED"
"Russell Westbrook",0.1195374309,5.0193646489,"""(0, 4)""","Chris Paul","MISSED"
"Russell Westbrook",2.3143040527,7.5390865323,"""(0, 4)""","Trae Young","MISSED"
"Russell Westbrook",-1.1333181294,6.8437379805,"""(0, 4)""","Seth Curry","MISSED"
"Russell Westbrook",-3.6693289406,5.2165050104,"""(0, 4)""","Trae Young","MISSED"
"Russell Westbrook",1.2920290992,6.353906543,"""(0, 4)""","Seth Curry","MISSED"
"Russell Westbrook",-1.7621626529,7.1285340407,"""(0, 4)""","Seth Curry","MISSED"
"Russell Westbrook",-1.2403518517,6.7495852874,"""(0, 4)""","Seth Curry","MISSED"
"Russell Westbrook",2.2955297851,5.1338924333,"""(0, 4)""","Trae Young","MISSED"
"Russell Westbrook",-3.13105512,6.3589223395,"""(0, 4)""","Seth Curry","MISSED"
"Russell Westbrook",3.3862645106,5.713302648,"""(0, 4)""","Chris Paul","MISSED"
"Russell Westbrook",2.2525896737,7.1965738765,"""(0, 4)""","Chris Paul","MISSED"
"Russell Westbrook",-3.4628805671,5.8646069228,"""(0, 4)""","Chris Paul","MISSED"
"Russell Westbrook",-0.0658154592,8.7043063823,"""(0, 4)""","Trae Young","MISSED"
"Russell Westbrook",7.9257334053,8.0724423189,"""(5, 9)""","Chris Paul","MADE"
"Russell Westbrook",-1.2296088984,10.034386587,"""(5, 9)""","Seth Curry","MISSED"
"Russell Westbrook",5.9512068555,6.662453177,"""(5, 9)""","Trae Young","MISSED"
"Russell Westbrook",-7.5494461283,8.53696081,"""(5, 9)""","Seth Curry","MISSED"
"Russell Westbrook",-4.8598256697,11.5383806591,"""(5, 9)""","Chris Paul","MISSED"
"Russell Westbrook",6.6121336105,7.7834157657,"""(5, 9)""","Trae Young","MISSED"
"Russell Westbrook",4.5414189403,12.3244311088,"""(5, 9)""","Trae Young","MISSED"
"Russell Westbrook",6.6046967366,8.471616368,"""(5, 9)""","Chris Paul","MISSED"
"Russell Westbrook",-7.382632367,9.9046128715,"""(5, 9)""","Trae Young","MISSED"
"Russell Westbrook",10.3773054956,10.5767989203,"""(10, 14)""","Trae Young","MADE"
"Russell Westbrook",-2.9067608385,18.6156883419,"""(10, 14)""","Trae Young","MADE"
"Russell Westbrook",1.3366347863,18.0130548827,"""(10, 14)""","Trae Young","MADE"
"Russell Westbrook",7.8207926158,16.0263384613,"""(10, 14)""","Trae Young","MADE"
"Russell Westbrook",-2.9097867199,16.9895580465,"""(10, 14)""","Chris Paul","MISSED"
"Russell Westbrook",1.9259740289,17.5886838223,"""(10, 14)""","Chris Paul","MISSED"
"Russell Westbrook",10.6944373494,16.7774378215,"""(15, 19)""","Seth Curry","MADE"
"Russell Westbrook",15.6849717139,15.0719725835,"""(15, 19)""","Seth Curry","MADE"
"Russell Westbrook",13.7421301562,17.9051491983,"""(15, 19)""","Trae Young","MADE"
"Russell Westbrook",-5.6855773019,20.3600649407,"""(15, 19)""","Trae Young","MADE"
"Russell Westbrook",18.2244745521,10.3548226106,"""(15, 19)""","Chris Paul","MADE"
"Russell Westbrook",15.9499955717,10.2699153931,"""(15, 19)""","Chris Paul","MADE"
"Russell Westbrook",-15.8611081724,13.726210988,"""(15, 19)""","Chris Paul","MADE"
"Russell Westbrook",17.5438079046,8.3455424189,"""(15, 19)""","Trae Young","MADE"
"Russell Westbrook",-16.3078653779,7.9434428079,"""(15, 19)""","Seth Curry","MISSED"
"Russell Westbrook",11.7644356174,16.4199806536,"""(15, 19)""","Seth Curry","MISSED"
"Russell Westbrook",18.598018056,5.9928474707,"""(15, 19)""","Chris Paul","MISSED"
"Russell Westbrook",-16.0883832399,13.5639639336,"""(15, 19)""","Seth Curry","MISSED"
"Russell Westbrook",-4.4047044394,23.1066638402,"""(15, 19)""","Chris Paul","MISSED"
"Russell Westbrook",-9.0212304409,21.0054496873,"""(15, 19)""","Chris Paul","MISSED"
"Russell Westbrook",-16.0023800275,14.6093624372,"""(15, 19)""","Chris Paul","MISSED"
"Russell Westbrook",14.5992231583,15.3589342335,"""(15, 19)""","Trae Young","MISSED"
"Russell Westbrook",-13.521784368,17.1294576237,"""(15, 19)""","Chris Paul","MISSED"
"Russell Westbrook",-13.3190823617,18.5403376914,"""(15, 19)""","Chris Paul","MISSED"
"Russell Westbrook",-3.4063559178,20.4806245621,"""(15, 19)""","Trae Young","MISSED"
"Russell Westbrook",0.4859749481,23.6225723949,"""(15, 19)""","Chris Paul","MISSED"
"Russell Westbrook",5.0990714076,22.263281371,"""(15, 19)""","Trae Young","MISSED"
"Russell Westbrook",13.7490912685,17.9413060142,"""(15, 19)""","Trae Young","MISSED"
"Russell Westbrook",-3.4768874054,20.8845199841,"""(15, 19)""","Seth Curry","MISSED"
"Russell Westbrook",10.5951258279,23.8162976511,"""(20, 24)""","Trae Young","MADE"
"Russell Westbrook",-4.4485570624,28.1056126101,"""(20, 24)""","Seth Curry","MISSED"
"Russell Westbrook",23.63420488,7.7653715562,"""(20, 24)""","Seth Curry","MISSED"
"Russell Westbrook",-22.3874912871,11.5954559717,"""(20, 24)""","Chris Paul","MISSED"
"Russell Westbrook",16.8809077806,18.9218127629,"""(20, 24)""","Seth Curry","MISSED"
"Russell Westbrook",-16.5913525553,22.2281189111,"""(20, 24)""","Chris Paul","MISSED"
"Russell Westbrook",3.7619310209,27.470831716,"""(20, 24)""","Seth Curry","MISSED"
"Russell Westbrook",-13.834180169,30.1657400941,"""(25, 29)""","Trae Young","MADE"
"Russell Westbrook",-24.2320519623,11.5745004158,"""(25, 29)""","Chris Paul","MADE"
"Russell Westbrook",-24.2320519623,15.6013716796,"""(25, 29)""","Trae Young","MADE"
"Russell Westbrook",21.367442603,22.7495310328,"""(25, 29)""","Seth Curry","MADE"
"Russell Westbrook",23.4322225744,21.0005462127,"""(25, 29)""","Seth Curry","MISSED"
"Russell Westbrook",23.952741768,11.984719882,"""(25, 29)""","Chris Paul","MISSED"
"Russell Westbrook",24.3647149451,16.6961981731,"""(25, 29)""","Seth Curry","MISSED"
"Russell Westbrook",-5.3262582757,31.9473234114,"""(25, 29)""","Chris Paul","MISSED"
"Russell Westbrook",20.2178423047,23.8808720298,"""(25, 29)""","Seth Curry","MISSED"
"Russell Westbrook",12.5017486862,29.7674549137,"""(25, 29)""","Chris Paul","MISSED"
"Russell Westbrook",16.7024168357,25.6454340028,"""(25, 29)""","Seth Curry","MISSED"
"Russell Westbrook",21.4376956189,24.3471486332,"""(25, 29)""","Chris Paul","MISSED"
"Russell Westbrook",2.2923763089,33.2266910902,"""(25, 29)""","Chris Paul","MISSED"
"Russell Westbrook",-12.7645367525,29.1078726982,"""(25, 29)""","Trae Young","MISSED"
"Trae Young",-2.7331846016,6.5199251346,"""(0, 4)""","Chris Paul","MADE"
"Trae Young",-0.2830958912,7.5872519165,"""(0, 4)""","Seth Curry","MADE"
"Trae Young",2.2200877123,7.1760178933,"""(0, 4)""","Seth Curry","MADE"
"Trae Young",-3.347403574,5.3518790721,"""(0, 4)""","Chris Paul","MADE"
"Trae Young",0.3711449069,7.1978315265,"""(0, 4)""","Chris Paul","MADE"
"Trae Young",3.2966922741,7.1657333294,"""(0, 4)""","Chris Paul","MADE"
"Trae Young",2.1689079268,6.2986543574,"""(0, 4)""","Seth Curry","MADE"
"Trae Young",-0.9409118843,7.4728222296,"""(0, 4)""","Russell Westbrook","MADE"
"Trae Young",2.5288162867,6.7830511492,"""(0, 4)""","Chris Paul","MADE"
"Trae Young",3.3317263104,5.2723839835,"""(0, 4)""","Chris Paul","MADE"
"Trae Young",3.0753665821,5.9530958814,"""(0, 4)""","Chris Paul","MADE"
"Trae Young",-1.4328688488,6.0790811409,"""(0, 4)""","Russell Westbrook","MADE"
"Trae Young",2.091878252,5.4680078719,"""(0, 4)""","Seth Curry","MADE"
"Trae Young",2.9814448743,7.1307776499,"""(0, 4)""","Chris Paul","MADE"
"Trae Young",-0.0851776562,6.3845036438,"""(0, 4)""","Russell Westbrook","MADE"
"Trae Young",-1.9561502858,5.8477913242,"""(0, 4)""","Seth Curry","MADE"
"Trae Young",1.327710696,7.8654354554,"""(0, 4)""","Chris Paul","MADE"
"Trae Young",0.4865791019,8.1583713213,"""(0, 4)""","Russell Westbrook","MADE"
"Trae Young",1.9553059673,7.4502806282,"""(0, 4)""","Chris Paul","MADE"
"Trae Young",-2.346099216,6.0879604223,"""(0, 4)""","Russell Westbrook","MADE"
"Trae Young",1.4896381398,7.730535215,"""(0, 4)""","Seth Curry","MADE"
"Trae Young",1.8950855415,7.9856795606,"""(0, 4)""","Chris Paul","MADE"
"Trae Young",3.5807512377,5.6071688846,"""(0, 4)""","Seth Curry","MADE"
"Trae Young",0.8606739111,6.8406486293,"""(0, 4)""","Seth Curry","MADE"
"Trae Young",3.1092786935,6.1699888521,"""(0, 4)""","Chris Paul","MADE"
"Trae Young",3.3905286493,5.7627722476,"""(0, 4)""","Chris Paul","MADE"
"Trae Young",1.0371878521,8.1433008405,"""(0, 4)""","Russell Westbrook","MADE"
"Trae Young",-0.2197559145,6.9099598253,"""(0, 4)""","Seth Curry","MADE"
"Trae Young",-0.7487557657,6.0719472868,"""(0, 4)""","Russell Westbrook","MADE"
"Trae Young",-2.3837440229,7.6139774207,"""(0, 4)""","Russell Westbrook","MADE"
"Trae Young",-0.5929225429,6.0663635101,"""(0, 4)""","Chris Paul","MADE"
"Trae Young",-2.0287850646,6.8045815883,"""(0, 4)""","Russell Westbrook","MADE"
"Trae Young",-0.9867931145,8.710604902,"""(0, 4)""","Seth Curry","MADE"
"Trae Young",1.2144340383,6.1036953371,"""(0, 4)""","Chris Paul","MISSED"
"Trae Young",-2.1924335156,7.2998670429,"""(0, 4)""","Russell Westbrook","MISSED"
"Trae Young",-0.6912654907,5.5354282001,"""(0, 4)""","Seth Curry","MISSED"
"Trae Young",0.6941296763,7.5487122689,"""(0, 4)""","Seth Curry","MISSED"
"Trae Young",0.5697571156,6.2749327062,"""(0, 4)""","Seth Curry","MISSED"
"Trae Young",-1.3284281663,8.055675624,"""(0, 4)""","Russell Westbrook","MISSED"
"Trae Young",-2.6088745229,6.7170590868,"""(0, 4)""","Chris Paul","MISSED"
"Trae Young",-0.5974571624,7.1506977648,"""(0, 4)""","Seth Curry","MISSED"
"Trae Young",3.0950287086,6.9359262401,"""(0, 4)""","Russell Westbrook","MISSED"
"Trae Young",0.9868656697,7.8813159249,"""(0, 4)""","Chris Paul","MISSED"
"Trae Young",0.2213665205,7.0947770817,"""(0, 4)""","Russell Westbrook","MISSED"
"Trae Young",-2.830632152,7.8081127686,"""(0, 4)""","Russell Westbrook","MISSED"
"Trae Young",1.3286210466,6.9429804828,"""(0, 4)""","Chris Paul","MISSED"
"Trae Young",3.5466257475,6.8189373974,"""(0, 4)""","Seth Curry","MISSED"
"Trae Young",0.4624204208,8.8964880202,"""(0, 4)""","Chris Paul","MISSED"
"Trae Young",2.6540421388,5.4987032794,"""(0, 4)""","Russell Westbrook","MISSED"
"Trae Young",0.6076342934,6.3792689354,"""(0, 4)""","Chris Paul","MISSED"
"Trae Young",-1.6047117889,7.3671349833,"""(0, 4)""","Russell Westbrook","MISSED"
"Trae Young",-3.9655254219,5.5208531784,"""(0, 4)""","Chris Paul","MISSED"
"Trae Young",-0.6908161603,5.6073885347,"""(0, 4)""","Seth Curry","MISSED"
"Trae Young",3.7239699055,5.5931872814,"""(0, 4)""","Seth Curry","MISSED"
"Trae Young",-2.752718196,6.2455162142,"""(0, 4)""","Russell Westbrook","MISSED"
"Trae Young",-0.6746605897,5.6678384947,"""(0, 4)""","Russell Westbrook","MISSED"
"Trae Young",-2.6273950643,7.7051252959,"""(0, 4)""","Seth Curry","MISSED"
"Trae Young",1.2164383609,6.3904993301,"""(0, 4)""","Russell Westbrook","MISSED"
"Trae Young",2.7659960549,5.8168747531,"""(0, 4)""","Russell Westbrook","MISSED"
"Trae Young",3.3504648417,6.6845334389,"""(0, 4)""","Chris Paul","MISSED"
"Trae Young",1.9511917764,6.5662784725,"""(0, 4)""","Chris Paul","MISSED"
"Trae Young",-0.0690584957,7.988924911,"""(0, 4)""","Russell Westbrook","MISSED"
"Trae Young",-3.2632009647,5.2085047764,"""(0, 4)""","Seth Curry","MISSED"
"Trae Young",5.1336993487,11.7702100406,"""(5, 9)""","Chris Paul","MADE"
"Trae Young",7.8456959107,6.881886916,"""(5, 9)""","Chris Paul","MADE"
"Trae Young",8.5948156716,5.5456526615,"""(5, 9)""","Seth Curry","MADE"
"Trae Young",6.9601148521,7.5012731779,"""(5, 9)""","Seth Curry","MADE"
"Trae Young",4.7137078161,11.2708367359,"""(5, 9)""","Russell Westbrook","MADE"
"Trae Young",-7.0939809511,7.2440102022,"""(5, 9)""","Seth Curry","MADE"
"Trae Young",-6.5744840109,5.3356807995,"""(5, 9)""","Seth Curry","MADE"
"Trae Young",6.5009781866,6.6961896852,"""(5, 9)""","Seth Curry","MADE"
"Trae Young",4.4156393054,10.5408666652,"""(5, 9)""","Seth Curry","MADE"
"Trae Young",2.4836464293,13.6485252786,"""(5, 9)""","Seth Curry","MADE"
"Trae Young",7.7207892523,8.9061586749,"""(5, 9)""","Seth Curry","MADE"
"Trae Young",-1.4749809489,13.1250326758,"""(5, 9)""","Russell Westbrook","MADE"
"Trae Young",6.4734310659,6.9122502429,"""(5, 9)""","Chris Paul","MADE"
"Trae Young",1.2891052171,10.7330650805,"""(5, 9)""","Russell Westbrook","MADE"
"Trae Young",-7.8810059971,7.4384673415,"""(5, 9)""","Seth Curry","MADE"
"Trae Young",1.8140690163,13.5727793741,"""(5, 9)""","Russell Westbrook","MADE"
"Trae Young",2.627608917,13.4991961611,"""(5, 9)""","Chris Paul","MADE"
"Trae Young",-7.0258772726,7.3953954199,"""(5, 9)""","Chris Paul","MADE"
"Trae Young",1.9219658561,11.8760359397,"""(5, 9)""","Seth Curry","MADE"
"Trae Young",-3.0186018506,13.0260619564,"""(5, 9)""","Chris Paul","MADE"
"Trae Young",0.3657713461,12.4811320816,"""(5, 9)""","Chris Paul","MADE"
"Trae Young",-8.0306874559,6.2590744866,"""(5, 9)""","Chris Paul","MADE"
"Trae Young",0.2407557782,13.4361842958,"""(5, 9)""","Chris Paul","MADE"
"Trae Young",-7.8331836189,5.9537115787,"""(5, 9)""","Seth Curry","MADE"
"Trae Young",-5.1772715379,10.5259751268,"""(5, 9)""","Seth Curry","MADE"
"Trae Young",8.158764951,7.6197349857,"""(5, 9)""","Russell Westbrook","MISSED"
"Trae Young",3.0963497254,11.3369749339,"""(5, 9)""","Chris Paul","MISSED"
"Trae Young",-6.5110595615,6.2349578172,"""(5, 9)""","Seth Curry","MISSED"
"Trae Young",-2.4481121365,12.6260756205,"""(5, 9)""","Russell Westbrook","MISSED"
"Trae Young",3.3104129653,12.8286490099,"""(5, 9)""","Russell Westbrook","MISSED"
"Trae Young",4.3147919284,12.7262360503,"""(5, 9)""","Russell Westbrook","MISSED"
"Trae Young",4.9597260853,10.6089475004,"""(5, 9)""","Russell Westbrook","MISSED"
"Trae Young",-8.532698375,5.5668575788,"""(5, 9)""","Chris Paul","MISSED"
"Trae Young",4.4843503646,7.7735510128,"""(5, 9)""","Seth Curry","MISSED"
"Trae Young",8.0055887747,5.3717352728,"""(5, 9)""","Russell Westbrook","MISSED"
"Trae Young",7.6809359414,8.8627204586,"""(5, 9)""","Seth Curry","MISSED"
"Trae Young",4.2519919812,12.3820670536,"""(5, 9)""","Russell Westbrook","MISSED"
"Trae Young",-1.9873497775,13.7537150017,"""(5, 9)""","Chris Paul","MISSED"
"Trae Young",-7.5913177013,7.7429260974,"""(5, 9)""","Russell Westbrook","MISSED"
"Trae Young",5.5900061068,11.4662147835,"""(5, 9)""","Chris Paul","MISSED"
"Trae Young",3.0030684334,11.5716798885,"""(5, 9)""","Seth Curry","MISSED"
"Trae Young",6.9546756033,9.8637999502,"""(5, 9)""","Seth Curry","MISSED"
"Trae Young",6.5606007712,11.0323063074,"""(5, 9)""","Seth Curry","MISSED"
"Trae Young",1.4248739793,13.3672817327,"""(5, 9)""","Chris Paul","MISSED"
"Trae Young",1.3226486373,12.2969203694,"""(5, 9)""","Russell Westbrook","MISSED"
"Trae Young",-0.5228895933,11.7862280913,"""(5, 9)""","Chris Paul","MISSED"
"Trae Young",6.630945938,7.4815179833,"""(5, 9)""","Chris Paul","MISSED"
"Trae Young",-0.1270508422,11.0718719555,"""(5, 9)""","Russell Westbrook","MISSED"
"Trae Young",3.9294164753,12.9425529144,"""(5, 9)""","Seth Curry","MISSED"
"Trae Young",-5.6320007802,11.0875139083,"""(5, 9)""","Russell Westbrook","MISSED"
"Trae Young",0.9643595936,10.7675788048,"""(5, 9)""","Seth Curry","MISSED"
"Trae Young",-0.0922060192,11.4889823196,"""(5, 9)""","Chris Paul","MISSED"
"Trae Young",6.5072084913,8.9490015001,"""(5, 9)""","Chris Paul","MISSED"
"Trae Young",8.7979068886,15.8113534566,"""(10, 14)""","Chris Paul","MADE"
"Trae Young",5.1749326874,14.9964251833,"""(10, 14)""","Chris Paul","MADE"
"Trae Young",-12.7045581771,9.0321977316,"""(10, 14)""","Seth Curry","MADE"
"Trae Young",-5.7489736744,14.8933110997,"""(10, 14)""","Chris Paul","MADE"
"Trae Young",-6.0089644373,14.7001662285,"""(10, 14)""","Chris Paul","MADE"
"Trae Young",2.1068393042,18.1371645002,"""(10, 14)""","Russell Westbrook","MADE"
"Trae Young",-12.4675075616,9.6402799481,"""(10, 14)""","Chris Paul","MADE"
"Trae Young",2.5170263399,18.4416952288,"""(10, 14)""","Seth Curry","MADE"
"Trae Young",-6.8368613894,14.4315199578,"""(10, 14)""","Seth Curry","MADE"
"Trae Young",-10.3843159155,13.8650189121,"""(10, 14)""","Seth Curry","MADE"
"Trae Young",-8.8766281038,14.2461547581,"""(10, 14)""","Chris Paul","MADE"
"Trae Young",0.1335693847,17.5192857375,"""(10, 14)""","Seth Curry","MADE"
"Trae Young",11.0988081683,10.1410993877,"""(10, 14)""","Russell Westbrook","MADE"
"Trae Young",13.8316838714,6.2312934513,"""(10, 14)""","Russell Westbrook","MADE"
"Trae Young",-11.4487264339,5.9222766006,"""(10, 14)""","Seth Curry","MADE"
"Trae Young",11.9220447984,8.2814294895,"""(10, 14)""","Chris Paul","MADE"
"Trae Young",0.8064452045,17.8888678558,"""(10, 14)""","Chris Paul","MADE"
"Trae Young",-12.7402330953,5.6036454641,"""(10, 14)""","Chris Paul","MADE"
"Trae Young",1.1533829985,18.0023244186,"""(10, 14)""","Chris Paul","MADE"
"Trae Young",-12.3588098451,11.4224639917,"""(10, 14)""","Seth Curry","MADE"
"Trae Young",11.5182436849,8.6306972321,"""(10, 14)""","Chris Paul","MADE"
"Trae Young",11.3857282587,8.6626168598,"""(10, 14)""","Chris Paul","MADE"
"Trae Young",1.6938475834,18.0503009071,"""(10, 14)""","Chris Paul","MADE"
"Trae Young",-12.1932730826,11.3722800252,"""(10, 14)""","Chris Paul","MADE"
"Trae Young",-13.0003557892,7.2198955226,"""(10, 14)""","Seth Curry","MADE"
"Trae Young",-3.1331678926,16.5404413363,"""(10, 14)""","Chris Paul","MADE"
"Trae Young",1.1744233038,18.6864666393,"""(10, 14)""","Chris Paul","MADE"
"Trae Young",-2.5748932504,18.3985955122,"""(10, 14)""","Chris Paul","MADE"
"Trae Young",-5.4807079959,16.7224722558,"""(10, 14)""","Seth Curry","MADE"
"Trae Young",-1.2340297043,17.8672460079,"""(10, 14)""","Chris Paul","MISSED"
"Trae Young",-12.5447947062,8.6906463877,"""(10, 14)""","Seth Curry","MISSED"
"Trae Young",-11.0521799226,10.2488231857,"""(10, 14)""","Seth Curry","MISSED"
"Trae Young",-12.248489204,5.2796062778,"""(10, 14)""","Russell Westbrook","MISSED"
"Trae Young",-10.9653649909,11.0803891052,"""(10, 14)""","Chris Paul","MISSED"
"Trae Young",9.2621426593,14.6819411521,"""(10, 14)""","Seth Curry","MISSED"
"Trae Young",-13.348913915,6.8266845348,"""(10, 14)""","Russell Westbrook","MISSED"
"Trae Young",-2.2072478536,15.7853167053,"""(10, 14)""","Chris Paul","MISSED"
"Trae Young",13.7268072145,7.0116515506,"""(10, 14)""","Seth Curry","MISSED"
"Trae Young",-11.5515253649,10.8196341558,"""(10, 14)""","Chris Paul","MISSED"
"Trae Young",-11.86006393,5.70651991,"""(10, 14)""","Russell Westbrook","MISSED"
"Trae Young",8.6852174067,14.8189686795,"""(10, 14)""","Seth Curry","MISSED"
"Trae Young",7.1624274518,16.4095346551,"""(10, 14)""","Russell Westbrook","MISSED"
"Trae Young",-11.714180965,8.7692157941,"""(10, 14)""","Russell Westbrook","MISSED"
"Trae Young",-11.5399226913,12.1108486996,"""(10, 14)""","Chris Paul","MISSED"
"Trae Young",13.0847053783,6.5863752386,"""(10, 14)""","Russell Westbrook","MISSED"
"Trae Young",12.4533351129,9.2758764816,"""(10, 14)""","Russell Westbrook","MISSED"
"Trae Young",12.9316395316,5.4893765383,"""(10, 14)""","Seth Curry","MISSED"
"Trae Young",-6.9251540787,17.0925775131,"""(10, 14)""","Seth Curry","MISSED"
"Trae Young",-6.9849211516,16.4584977937,"""(10, 14)""","Chris Paul","MISSED"
"Trae Young",-7.7377294842,15.2419888634,"""(10, 14)""","Russell Westbrook","MISSED"
"Trae Young",-12.0997893077,5.5910422228,"""(10, 14)""","Russell Westbrook","MISSED"
"Trae Young",11.5987503775,5.8144591298,"""(10, 14)""","Chris Paul","MISSED"
"Trae Young",-10.8145165102,12.2292101876,"""(10, 14)""","Seth Curry","MISSED"
"Trae Young",-8.4460564253,12.8100890506,"""(10, 14)""","Russell Westbrook","MISSED"
"Trae Young",9.1870912629,10.5967564757,"""(10, 14)""","Russell Westbrook","MISSED"
"Trae Young",-6.9256046662,15.388034803,"""(10, 14)""","Russell Westbrook","MISSED"
"Trae Young",-10.0274095538,13.8144937172,"""(10, 14)""","Seth Curry","MISSED"
"Trae Young",-8.969267977,13.1391531216,"""(10, 14)""","Russell Westbrook","MISSED"
"Trae Young",5.0170506151,17.5573379269,"""(10, 14)""","Chris Paul","MISSED"
"Trae Young",15.8228732161,8.2792996975,"""(15, 19)""","Russell Westbrook","MADE"
"Trae Young",-4.0247687495,23.1062958926,"""(15, 19)""","Chris Paul","MADE"
"Trae Young",5.4170842578,22.4342299522,"""(15, 19)""","Chris Paul","MADE"
"Trae Young",-11.9548877613,18.3699215757,"""(15, 19)""","Chris Paul","MADE"
"Trae Young",-14.9405557883,12.6575820818,"""(15, 19)""","Chris Paul","MADE"
"Trae Young",-0.4754527469,22.7478041999,"""(15, 19)""","Chris Paul","MADE"
"Trae Young",12.6222909592,18.9431076706,"""(15, 19)""","Seth Curry","MADE"
"Trae Young",17.8758177836,10.0889486834,"""(15, 19)""","Seth Curry","MADE"
"Trae Young",17.0533682497,7.1458575612,"""(15, 19)""","Chris Paul","MADE"
"Trae Young",-2.554383005,22.4976972409,"""(15, 19)""","Russell Westbrook","MADE"
"Trae Young",-16.9402126218,7.5689279485,"""(15, 19)""","Seth Curry","MISSED"
"Trae Young",-12.0835831114,16.760199409,"""(15, 19)""","Chris Paul","MISSED"
"Trae Young",-17.4452918921,7.621794943,"""(15, 19)""","Russell Westbrook","MISSED"
"Trae Young",3.3976983654,22.7224670238,"""(15, 19)""","Russell Westbrook","MISSED"
"Trae Young",8.5983064549,21.864703541,"""(15, 19)""","Russell Westbrook","MISSED"
"Trae Young",-13.1402122765,12.5443064831,"""(15, 19)""","Russell Westbrook","MISSED"
"Trae Young",12.3952969026,17.5842994033,"""(15, 19)""","Chris Paul","MISSED"
"Trae Young",-2.3694427671,23.5216318934,"""(15, 19)""","Seth Curry","MISSED"
"Trae Young",-12.0482333354,18.614177898,"""(15, 19)""","Russell Westbrook","MISSED"
"Trae Young",7.1064836025,20.041071305,"""(15, 19)""","Russell Westbrook","MISSED"
"Trae Young",13.10148488,18.7091497149,"""(15, 19)""","Chris Paul","MISSED"
"Trae Young",-7.1222888144,20.3585294263,"""(15, 19)""","Russell Westbrook","MISSED"
"Trae Young",2.3518553601,21.7024893773,"""(15, 19)""","Russell Westbrook","MISSED"
"Trae Young",-18.5526056446,8.6408099286,"""(15, 19)""","Chris Paul","MISSED"
"Trae Young",2.0903402188,27.3108806657,"""(20, 24)""","Russell Westbrook","MADE"
"Trae Young",-18.4934385687,14.2285147979,"""(20, 24)""","Russell Westbrook","MADE"
"Trae Young",-4.2138584672,27.9366655809,"""(20, 24)""","Chris Paul","MADE"
"Trae Young",-22.6302139951,11.9765120849,"""(20, 24)""","Russell Westbrook","MADE"
"Trae Young",22.1210450643,10.0732273483,"""(20, 24)""","Chris Paul","MADE"
"Trae Young",22.7265337591,11.7762775538,"""(20, 24)""","Chris Paul","MADE"
"Trae Young",-21.7399939087,9.0195864283,"""(20, 24)""","Chris Paul","MADE"
"Trae Young",20.0385547466,17.1018150429,"""(20, 24)""","Russell Westbrook","MADE"
"Trae Young",16.3338402138,17.2000232213,"""(20, 24)""","Chris Paul","MADE"
"Trae Young",-19.7564037681,17.9162165281,"""(20, 24)""","Seth Curry","MADE"
"Trae Young",21.9374048242,12.575370522,"""(20, 24)""","Seth Curry","MADE"
"Trae Young",-20.1757428987,13.1950065447,"""(20, 24)""","Chris Paul","MADE"
"Trae Young",-10.548973435,25.6060170062,"""(20, 24)""","Seth Curry","MADE"
"Trae Young",12.1738948448,23.1787102738,"""(20, 24)""","Chris Paul","MADE"
"Trae Young",12.501306433,22.8129914429,"""(20, 24)""","Chris Paul","MISSED"
"Trae Young",19.7083433545,16.1870165563,"""(20, 24)""","Russell Westbrook","MISSED"
"Trae Young",-15.8778464759,22.6278159823,"""(20, 24)""","Chris Paul","MISSED"
"Trae Young",-20.3253342276,17.7506275559,"""(20, 24)""","Russell Westbrook","MISSED"
"Trae Young",8.7099874528,26.789917927,"""(20, 24)""","Seth Curry","MISSED"
"Trae Young",23.3727557429,9.9525292644,"""(20, 24)""","Chris Paul","MISSED"
"Trae Young",16.6804493261,19.9136684294,"""(20, 24)""","Seth Curry","MISSED"
"Trae Young",-23.1019833341,11.3888259144,"""(20, 24)""","Russell Westbrook","MISSED"
"Trae Young",-0.2371763358,28.0913871763,"""(20, 24)""","Russell Westbrook","MISSED"
"Trae Young",20.5760899401,15.9041009976,"""(20, 24)""","Chris Paul","MISSED"
"Trae Young",-22.0394018725,9.5049965653,"""(20, 24)""","Seth Curry","MISSED"
"Trae Young",20.6511709873,16.4917847555,"""(20, 24)""","Seth Curry","MISSED"
"Trae Young",-19.7812160716,8.9325377624,"""(20, 24)""","Seth Curry","MISSED"
"Trae Young",13.2624501201,24.4743283671,"""(20, 24)""","Seth Curry","MISSED"
"Trae Young",12.4479300256,24.875669189,"""(20, 24)""","Seth Curry","MISSED"
"Trae Young",-20.6497344054,14.2921767659,"""(20, 24)""","Chris Paul","MISSED"
"Trae Young",-0.1420656433,27.8794609844,"""(20, 24)""","Seth Curry","MISSED"
"Trae Young",24.1175698441,19.0669376987,"""(25, 29)""","Russell Westbrook","MADE"
"Trae Young",-9.411902039,31.8040303188,"""(25, 29)""","Russell Westbrook","MADE"
"Trae Young",23.952741768,14.2878867663,"""(25, 29)""","Russell Westbrook","MADE"
"Trae Young",-24.2320519623,5.8956945886,"""(25, 29)""","Chris Paul","MADE"
"Trae Young",-22.6367274851,17.0648910064,"""(25, 29)""","Seth Curry","MADE"
"Trae Young",24.7675507473,16.9562740818,"""(25, 29)""","Chris Paul","MADE"
"Trae Young",-24.2320519623,10.3086290498,"""(25, 29)""","Seth Curry","MADE"
"Trae Young",-24.2320519623,9.90905458,"""(25, 29)""","Seth Curry","MADE"
"Trae Young",15.5494662413,28.6410112927,"""(25, 29)""","Chris Paul","MADE"
"Trae Young",-2.0342363786,32.0382200012,"""(25, 29)""","Seth Curry","MADE"
"Trae Young",23.952741768,9.3740101256,"""(25, 29)""","Chris Paul","MADE"
"Trae Young",-24.2320519623,11.8927416419,"""(25, 29)""","Russell Westbrook","MADE"
"Trae Young",-24.675599136,11.831564425,"""(25, 29)""","Seth Curry","MADE"
"Trae Young",-24.2320519623,6.1335049102,"""(25, 29)""","Seth Curry","MADE"
"Trae Young",15.4305182543,26.5301914334,"""(25, 29)""","Chris Paul","MADE"
"Trae Young",23.952741768,8.2236509527,"""(25, 29)""","Russell Westbrook","MADE"
"Trae Young",23.952741768,16.1799337027,"""(25, 29)""","Chris Paul","MADE"
"Trae Young",23.952741768,14.0535803566,"""(25, 29)""","Russell Westbrook","MADE"
"Trae Young",-4.2452994501,33.0010305507,"""(25, 29)""","Seth Curry","MADE"
"Trae Young",-24.2320519623,12.4665766903,"""(25, 29)""","Chris Paul","MADE"
"Trae Young",20.9130192619,24.8885801536,"""(25, 29)""","Chris Paul","MADE"
"Trae Young",16.5784191224,26.7870650654,"""(25, 29)""","Chris Paul","MADE"
"Trae Young",-24.3628222096,16.2325215158,"""(25, 29)""","Chris Paul","MADE"
"Trae Young",16.4733618485,26.5426321887,"""(25, 29)""","Chris Paul","MADE"
"Trae Young",14.0779426494,29.8074622755,"""(25, 29)""","Russell Westbrook","MADE"
"Trae Young",18.3132520287,25.9347042573,"""(25, 29)""","Chris Paul","MADE"
"Trae Young",-7.302160295,32.0498060827,"""(25, 29)""","Chris Paul","MADE"
"Trae Young",12.0000095755,30.5445774536,"""(25, 29)""","Chris Paul","MADE"
"Trae Young",-12.6513434867,31.0596211283,"""(25, 29)""","Russell Westbrook","MADE"
"Trae Young",23.952741768,12.4460909584,"""(25, 29)""","Seth Curry","MADE"
"Trae Young",-15.2550630129,28.9569353496,"""(25, 29)""","Russell Westbrook","MADE"
"Trae Young",11.2048359686,28.1976723089,"""(25, 29)""","Seth Curry","MISSED"
"Trae Young",23.952741768,18.2107071174,"""(25, 29)""","Russell Westbrook","MISSED"
"Trae Young",22.0793910125,22.0614761531,"""(25, 29)""","Russell Westbrook","MISSED"
"Trae Young",-5.479893345,30.4046205027,"""(25, 29)""","Russell Westbrook","MISSED"
"Trae Young",-3.673873737,32.5062198019,"""(25, 29)""","Seth Curry","MISSED"
"Trae Young",-24.2320519623,10.713298354,"""(25, 29)""","Chris Paul","MISSED"
"Trae Young",23.952741768,12.0515557595,"""(25, 29)""","Russell Westbrook","MISSED"
"Trae Young",-24.2320519623,6.6592291415,"""(25, 29)""","Russell Westbrook","MISSED"
"Trae Young",23.952741768,16.1991600703,"""(25, 29)""","Russell Westbrook","MISSED"
"Trae Young",12.3432914761,31.0032158899,"""(25, 29)""","Seth Curry","MISSED"
"Trae Young",-22.2977889709,21.3028996303,"""(25, 29)""","Russell Westbrook","MISSED"
"Trae Young",22.498081875,19.8608884168,"""(25, 29)""","Russell Westbrook","MISSED"
"Trae Young",15.6875413504,28.7759852173,"""(25, 29)""","Russell Westbrook","MISSED"
"Trae Young",-20.3839030753,22.7427197323,"""(25, 29)""","Seth Curry","MISSED"
"Trae Young",10.8731117002,30.3086037489,"""(25, 29)""","Russell Westbrook","MISSED"
"Trae Young",-24.5241511115,20.2828080791,"""(25, 29)""","Seth Curry","MISSED"
"Trae Young",-9.953960567,32.1291145622,"""(25, 29)""","Seth Curry","MISSED"
"Trae Young",23.952741768,10.9757234815,"""(25, 29)""","Chris Paul","MISSED"
"Trae Young",-19.5091276809,26.371048146,"""(25, 29)""","Russell Westbrook","MISSED"
"Trae Young",-15.8233971291,27.557905649,"""(25, 29)""","Seth Curry","MISSED"
"Trae Young",-9.0068960538,30.4718598836,"""(25, 29)""","Chris Paul","MISSED"
"Trae Young",23.952741768,7.4784558056,"""(25, 29)""","Seth Curry","MISSED"
"Trae Young",23.952741768,13.1788595176,"""(25, 29)""","Chris Paul","MISSED"
"Trae Young",-20.1987827184,21.8194605686,"""(25, 29)""","Chris Paul","MISSED"
"Trae Young",-7.1131148654,31.065202847,"""(25, 29)""","Russell Westbrook","MISSED"
"Trae Young",-24.2320519623,16.2566418481,"""(25, 29)""","Chris Paul","MISSED"
"Trae Young",7.2579239138,32.3545988217,"""(25, 29)""","Chris Paul","MISSED"
"Trae Young",-7.2889475887,30.3374683963,"""(25, 29)""","Russell Westbrook","MISSED"
"Trae Young",12.232019511,30.3033585118,"""(25, 29)""","Chris Paul","MISSED"
"Trae Young",0.6850448124,31.3727132666,"""(25, 29)""","Seth Curry","MISSED"
"Trae Young",23.952741768,11.4745443445,"""(25, 29)""","Chris Paul","MISSED"
"Trae Young",4.5080304924,33.2180350218,"""(25, 29)""","Seth Curry","MISSED"
"Trae Young",23.952741768,14.7984803959,"""(25, 29)""","Russell Westbrook","MISSED"
"Trae Young",-24.2320519623,5.4412263319,"""(25, 29)""","Chris Paul","MISSED"
"Trae Young",20.9128657263,24.6385812003,"""(25, 29)""","Chris Paul","MISSED"
"Trae Young",23.952741768,9.2245750056,"""(25, 29)""","Russell Westbrook","MISSED"
"Trae Young",14.8513548059,27.2628794838,"""(25, 29)""","Chris Paul","MISSED"
"Trae Young",21.3563985045,24.4439560808,"""(25, 29)""","Seth Curry","MISSED"
"Trae Young",-24.2320519623,11.2640435284,"""(25, 29)""","Chris Paul","MISSED"
"Trae Young",-24.2320519623,12.418523112,"""(25, 29)""","Russell Westbrook","MISSED"
"Trae Young",23.952741768,15.3751761851,"""(25, 29)""","Russell Westbrook","MISSED"
"Trae Young",-11.3874855342,31.6511746102,"""(25, 29)""","Seth Curry","MISSED"
"Trae Young",9.6821144858,30.9827932394,"""(25, 29)""","Chris Paul","MISSED"
"Trae Young",-24.2320519623,17.1158448693,"""(25, 29)""","Russell Westbrook","MISSED"
"Trae Young",-24.6773970185,14.8933199315,"""(25, 29)""","Russell Westbrook","MISSED"
"Trae Young",-23.8783137502,18.3496846304,"""(25, 29)""","Russell Westbrook","MISSED"
"Trae Young",-1.9915418154,32.4550687797,"""(25, 29)""","Seth Curry","MISSED"
"Trae Young",24.2016661793,16.6404209615,"""(25, 29)""","Russell Westbrook","MISSED"
"Trae Young",23.952741768,15.9587081649,"""(25, 29)""","Russell Westbrook","MISSED"
"Trae Young",-22.3630976005,20.7330054826,"""(25, 29)""","Russell Westbrook","MISSED"
"Trae Young",22.1706614583,19.911783756,"""(25, 29)""","Seth Curry","MISSED"
"Trae Young",-19.8226705381,25.3388141762,"""(25, 29)""","Seth Curry","MISSED"
"Trae Young",-18.6296655185,26.6149161365,"""(25, 29)""","Russell Westbrook","MISSED"
"Trae Young",-12.7809948036,30.0157358084,"""(25, 29)""","Russell Westbrook","MISSED"
"Trae Young",22.3888837363,23.431740498,"""(25, 29)""","Seth Curry","MISSED"
"Trae Young",2.4307858134,32.2617596116,"""(25, 29)""","Russell Westbrook","MISSED"
"Trae Young",-12.8296427104,30.5782192918,"""(25, 29)""","Chris Paul","MISSED"
"Trae Young",23.952741768,10.2018215924,"""(25, 29)""","Seth Curry","MISSED"
"Trae Young",23.952741768,16.9292471386,"""(25, 29)""","Seth Curry","MISSED"
"Trae Young",-24.8568703742,13.2806616055,"""(25, 29)""","Russell Westbrook","MISSED"
"Trae Young",2.7938040621,31.0635601168,"""(25, 29)""","Seth Curry","MISSED"
"Trae Young",-6.9655207699,30.3923341665,"""(25, 29)""","Chris Paul","MISSED"
"Trae Young",-18.98723155,24.5181902502,"""(25, 29)""","Chris Paul","MISSED"
"Trae Young",23.952741768,15.3248751317,"""(25, 29)""","Russell Westbrook","MISSED"
"Trae Young",6.2217656122,30.7560080782,"""(25, 29)""","Seth Curry","MISSED"
"Trae Young",16.397466628,27.6603233839,"""(25, 29)""","Chris Paul","MISSED"
"Trae Young",-11.2571038748,30.7130966241,"""(25, 29)""","Russell Westbrook","MISSED"
"Trae Young",-11.2893706409,31.064196754,"""(25, 29)""","Chris Paul","MISSED"